<?xml version="1.0" encoding="UTF-8"?>
<ipxact:design xmlns:xsi="http://www.w3.org/2001/XMLSchema-instance" xmlns:ipxact="http://www.accellera.org/XMLSchema/IPXACT/1685-2014" xmlns:anlogic="http" xsi:schemaLocation="http://www.accellera.org/XMLSchema/IPXACT/1685-2014 http://www.accellera.org/XMLSchema/IPXACT/1685-2014/index.xsd">
    <ipxact:vendor>anlogic.com</ipxact:vendor>
    <ipxact:library>customized</ipxact:library>
    <ipxact:name>design_emitter_buf</ipxact:name>
    <ipxact:version>1.0</ipxact:version>
    <ipxact:componentInstances>
        <ipxact:componentInstance>
            <ipxact:instanceName>soft_fifo_250e08739732_Inst</ipxact:instanceName>
            <ipxact:componentRef vendor="anlogic.com" library="ip" name="Soft_FIFO" version="3.0"/>
            <ipxact:configurableElementValues>
                <ipxact:configurableElementValue referenceId="ERAM">1</ipxact:configurableElementValue>
                <ipxact:configurableElementValue referenceId="DRAM">0</ipxact:configurableElementValue>
                <ipxact:configurableElementValue referenceId="EMB9K_Area_Opt">0</ipxact:configurableElementValue>
                <ipxact:configurableElementValue referenceId="EMB9K_Timing_Opt">0</ipxact:configurableElementValue>
                <ipxact:configurableElementValue referenceId="EMB32K">0</ipxact:configurableElementValue>
                <ipxact:configurableElementValue referenceId="Auto">1</ipxact:configurableElementValue>
                <ipxact:configurableElementValue referenceId="ASYNC">1</ipxact:configurableElementValue>
                <ipxact:configurableElementValue referenceId="SYNC">0</ipxact:configurableElementValue>
                <ipxact:configurableElementValue referenceId="Write_Width">32</ipxact:configurableElementValue>
                <ipxact:configurableElementValue referenceId="Write_Depth">4096</ipxact:configurableElementValue>
                <ipxact:configurableElementValue referenceId="Read_Width">32</ipxact:configurableElementValue>
                <ipxact:configurableElementValue referenceId="Read_Depth">4096</ipxact:configurableElementValue>
                <ipxact:configurableElementValue referenceId="Show_Ahead_Enable">0</ipxact:configurableElementValue>
                <ipxact:configurableElementValue referenceId="Show_Ahead_Disable">1</ipxact:configurableElementValue>
                <ipxact:configurableElementValue referenceId="Out_Reg_Enable">0</ipxact:configurableElementValue>
                <ipxact:configurableElementValue referenceId="Out_Reg_Disable">1</ipxact:configurableElementValue>
                <ipxact:configurableElementValue referenceId="Almost_Full_Num">3</ipxact:configurableElementValue>
                <ipxact:configurableElementValue referenceId="Almost_Empty_Num">2</ipxact:configurableElementValue>
                <ipxact:configurableElementValue referenceId="Sync_Stages">2</ipxact:configurableElementValue>
                <ipxact:configurableElementValue referenceId="Reset_Type">&quot;ASYNC Reset SYNC Release&quot;</ipxact:configurableElementValue>
                <ipxact:configurableElementValue referenceId="Write_Width_Range">&quot;1~1024&quot;</ipxact:configurableElementValue>
                <ipxact:configurableElementValue referenceId="Read_Width_Range">&quot;1~1024&quot;</ipxact:configurableElementValue>
                <ipxact:configurableElementValue referenceId="Almost_Full_Num_Range">&quot;3-4093&quot;</ipxact:configurableElementValue>
                <ipxact:configurableElementValue referenceId="Almost_Empty_Num_Range">&quot;2-4092&quot;</ipxact:configurableElementValue>
                <ipxact:configurableElementValue referenceId="COMMON_CLK_EN">0</ipxact:configurableElementValue>
                <ipxact:configurableElementValue referenceId="MEMORY_TYPE">0</ipxact:configurableElementValue>
                <ipxact:configurableElementValue referenceId="RST_TYPE">1</ipxact:configurableElementValue>
                <ipxact:configurableElementValue referenceId="DATA_WIDTH_W">32</ipxact:configurableElementValue>
                <ipxact:configurableElementValue referenceId="ADDR_WIDTH_W">12</ipxact:configurableElementValue>
                <ipxact:configurableElementValue referenceId="DATA_WIDTH_R">32</ipxact:configurableElementValue>
                <ipxact:configurableElementValue referenceId="ADDR_WIDTH_R">12</ipxact:configurableElementValue>
                <ipxact:configurableElementValue referenceId="DOUT_INITVAL">32'h0</ipxact:configurableElementValue>
                <ipxact:configurableElementValue referenceId="OUTREG_EN">&quot;NOREG&quot;</ipxact:configurableElementValue>
                <ipxact:configurableElementValue referenceId="SHOW_AHEAD_EN">0</ipxact:configurableElementValue>
                <ipxact:configurableElementValue referenceId="AL_FULL_NUM">3</ipxact:configurableElementValue>
                <ipxact:configurableElementValue referenceId="AL_EMPTY_NUM">2</ipxact:configurableElementValue>
                <ipxact:configurableElementValue referenceId="RDUSEDW_WIDTH">12</ipxact:configurableElementValue>
                <ipxact:configurableElementValue referenceId="WRUSEDW_WIDTH">12</ipxact:configurableElementValue>
                <ipxact:configurableElementValue referenceId="ASYNC_RST_SYNC_RELS">1</ipxact:configurableElementValue>
                <ipxact:configurableElementValue referenceId="SYNC_STAGE">2</ipxact:configurableElementValue>
                <ipxact:configurableElementValue referenceId="EG4">1</ipxact:configurableElementValue>
                <ipxact:configurableElementValue referenceId="EF2">0</ipxact:configurableElementValue>
                <ipxact:configurableElementValue referenceId="EF3">0</ipxact:configurableElementValue>
                <ipxact:configurableElementValue referenceId="EF4">0</ipxact:configurableElementValue>
                <ipxact:configurableElementValue referenceId="EF5">0</ipxact:configurableElementValue>
                <ipxact:configurableElementValue referenceId="SF1">0</ipxact:configurableElementValue>
                <ipxact:configurableElementValue referenceId="SF2">0</ipxact:configurableElementValue>
                <ipxact:configurableElementValue referenceId="PH1">0</ipxact:configurableElementValue>
                <ipxact:configurableElementValue referenceId="PH2">0</ipxact:configurableElementValue>
                <ipxact:configurableElementValue referenceId="DR1">0</ipxact:configurableElementValue>
                <ipxact:configurableElementValue referenceId="EF3L15_25_45">0</ipxact:configurableElementValue>
            </ipxact:configurableElementValues>
        </ipxact:componentInstance>
    </ipxact:componentInstances>
    <ipxact:adHocConnections>
        <ipxact:adHocConnection>
            <ipxact:name>rst</ipxact:name>
            <ipxact:portReferences>
                <ipxact:internalPortReference componentRef="soft_fifo_250e08739732_Inst" portRef="rst"/>
                <ipxact:externalPortReference portRef="rst"/>
            </ipxact:portReferences>
        </ipxact:adHocConnection>
        <ipxact:adHocConnection>
            <ipxact:name>di</ipxact:name>
            <ipxact:portReferences>
                <ipxact:internalPortReference componentRef="soft_fifo_250e08739732_Inst" portRef="di"/>
                <ipxact:externalPortReference portRef="di"/>
            </ipxact:portReferences>
        </ipxact:adHocConnection>
        <ipxact:adHocConnection>
            <ipxact:name>clkr</ipxact:name>
            <ipxact:portReferences>
                <ipxact:internalPortReference componentRef="soft_fifo_250e08739732_Inst" portRef="clkr"/>
                <ipxact:externalPortReference portRef="clkr"/>
            </ipxact:portReferences>
        </ipxact:adHocConnection>
        <ipxact:adHocConnection>
            <ipxact:name>re</ipxact:name>
            <ipxact:portReferences>
                <ipxact:internalPortReference componentRef="soft_fifo_250e08739732_Inst" portRef="re"/>
                <ipxact:externalPortReference portRef="re"/>
            </ipxact:portReferences>
        </ipxact:adHocConnection>
        <ipxact:adHocConnection>
            <ipxact:name>clkw</ipxact:name>
            <ipxact:portReferences>
                <ipxact:internalPortReference componentRef="soft_fifo_250e08739732_Inst" portRef="clkw"/>
                <ipxact:externalPortReference portRef="clkw"/>
            </ipxact:portReferences>
        </ipxact:adHocConnection>
        <ipxact:adHocConnection>
            <ipxact:name>we</ipxact:name>
            <ipxact:portReferences>
                <ipxact:internalPortReference componentRef="soft_fifo_250e08739732_Inst" portRef="we"/>
                <ipxact:externalPortReference portRef="we"/>
            </ipxact:portReferences>
        </ipxact:adHocConnection>
        <ipxact:adHocConnection>
            <ipxact:name>dout</ipxact:name>
            <ipxact:portReferences>
                <ipxact:internalPortReference componentRef="soft_fifo_250e08739732_Inst" portRef="dout"/>
                <ipxact:externalPortReference portRef="dout"/>
            </ipxact:portReferences>
        </ipxact:adHocConnection>
        <ipxact:adHocConnection>
            <ipxact:name>empty_flag</ipxact:name>
            <ipxact:portReferences>
                <ipxact:internalPortReference componentRef="soft_fifo_250e08739732_Inst" portRef="empty_flag"/>
                <ipxact:externalPortReference portRef="empty_flag"/>
            </ipxact:portReferences>
        </ipxact:adHocConnection>
        <ipxact:adHocConnection>
            <ipxact:name>aempty</ipxact:name>
            <ipxact:portReferences>
                <ipxact:internalPortReference componentRef="soft_fifo_250e08739732_Inst" portRef="aempty"/>
                <ipxact:externalPortReference portRef="aempty"/>
            </ipxact:portReferences>
        </ipxact:adHocConnection>
        <ipxact:adHocConnection>
            <ipxact:name>full_flag</ipxact:name>
            <ipxact:portReferences>
                <ipxact:internalPortReference componentRef="soft_fifo_250e08739732_Inst" portRef="full_flag"/>
                <ipxact:externalPortReference portRef="full_flag"/>
            </ipxact:portReferences>
        </ipxact:adHocConnection>
        <ipxact:adHocConnection>
            <ipxact:name>afull</ipxact:name>
            <ipxact:portReferences>
                <ipxact:internalPortReference componentRef="soft_fifo_250e08739732_Inst" portRef="afull"/>
                <ipxact:externalPortReference portRef="afull"/>
            </ipxact:portReferences>
        </ipxact:adHocConnection>
        <ipxact:adHocConnection>
            <ipxact:name>valid</ipxact:name>
            <ipxact:portReferences>
                <ipxact:internalPortReference componentRef="soft_fifo_250e08739732_Inst" portRef="valid"/>
                <ipxact:externalPortReference portRef="valid"/>
            </ipxact:portReferences>
        </ipxact:adHocConnection>
        <ipxact:adHocConnection>
            <ipxact:name>overflow</ipxact:name>
            <ipxact:portReferences>
                <ipxact:internalPortReference componentRef="soft_fifo_250e08739732_Inst" portRef="overflow"/>
                <ipxact:externalPortReference portRef="overflow"/>
            </ipxact:portReferences>
        </ipxact:adHocConnection>
        <ipxact:adHocConnection>
            <ipxact:name>underflow</ipxact:name>
            <ipxact:portReferences>
                <ipxact:internalPortReference componentRef="soft_fifo_250e08739732_Inst" portRef="underflow"/>
                <ipxact:externalPortReference portRef="underflow"/>
            </ipxact:portReferences>
        </ipxact:adHocConnection>
        <ipxact:adHocConnection>
            <ipxact:name>wr_success</ipxact:name>
            <ipxact:portReferences>
                <ipxact:internalPortReference componentRef="soft_fifo_250e08739732_Inst" portRef="wr_success"/>
                <ipxact:externalPortReference portRef="wr_success"/>
            </ipxact:portReferences>
        </ipxact:adHocConnection>
        <ipxact:adHocConnection>
            <ipxact:name>rdusedw</ipxact:name>
            <ipxact:portReferences>
                <ipxact:internalPortReference componentRef="soft_fifo_250e08739732_Inst" portRef="rdusedw"/>
                <ipxact:externalPortReference portRef="rdusedw"/>
            </ipxact:portReferences>
        </ipxact:adHocConnection>
        <ipxact:adHocConnection>
            <ipxact:name>wrusedw</ipxact:name>
            <ipxact:portReferences>
                <ipxact:internalPortReference componentRef="soft_fifo_250e08739732_Inst" portRef="wrusedw"/>
                <ipxact:externalPortReference portRef="wrusedw"/>
            </ipxact:portReferences>
        </ipxact:adHocConnection>
        <ipxact:adHocConnection>
            <ipxact:name>wr_rst_done</ipxact:name>
            <ipxact:portReferences>
                <ipxact:internalPortReference componentRef="soft_fifo_250e08739732_Inst" portRef="wr_rst_done"/>
                <ipxact:externalPortReference portRef="wr_rst_done"/>
            </ipxact:portReferences>
        </ipxact:adHocConnection>
        <ipxact:adHocConnection>
            <ipxact:name>rd_rst_done</ipxact:name>
            <ipxact:portReferences>
                <ipxact:internalPortReference componentRef="soft_fifo_250e08739732_Inst" portRef="rd_rst_done"/>
                <ipxact:externalPortReference portRef="rd_rst_done"/>
            </ipxact:portReferences>
        </ipxact:adHocConnection>
    </ipxact:adHocConnections>
    <ipxact:vendorExtensions>
        <anlogic:device>EG4S20BG256</anlogic:device>
        <anlogic:displayname>Soft FIFO</anlogic:displayname>
        <anlogic:ipGenVersion value="168007 2025/07/10">1.0</anlogic:ipGenVersion>
    </ipxact:vendorExtensions>
</ipxact:design>
