<?xml version='1.0' encoding='UTF-8'?>
<ipxact:component xmlns:xsi="http://www.w3.org/2001/XMLSchema-instance" xmlns:ipxact="http://www.accellera.org/XMLSchema/IPXACT/1685-2014" xsi:schemaLocation="http://www.accellera.org/XMLSchema/IPXACT/1685-2014 http://www.accellera.org/XMLSchema/IPXACT/1685-2014/index.xsd" xmlns:anlogic="http">
    <ipxact:vendor>anlogic.com</ipxact:vendor>
    <ipxact:library>customized</ipxact:library>
    <ipxact:name>emitter_buf</ipxact:name>
    <ipxact:displayName/>
    <ipxact:version>1.0</ipxact:version>
    <ipxact:model>
        <ipxact:views>
            <ipxact:view>
                <ipxact:name>emitter_buf_RTL</ipxact:name>
                <ipxact:componentInstantiationRef>emitter_buf</ipxact:componentInstantiationRef>
                <ipxact:designInstantiationRef>design_emitter_buf_Inst</ipxact:designInstantiationRef>
                <ipxact:designConfigurationInstantiationRef>designConfig_emitter_buf_Inst</ipxact:designConfigurationInstantiationRef>
            </ipxact:view>
        </ipxact:views>
        <ipxact:instantiations>
            <ipxact:componentInstantiation>
                <ipxact:name>emitter_buf</ipxact:name>
                <ipxact:language>verilog</ipxact:language>
                <ipxact:moduleName>emitter_buf</ipxact:moduleName>
                <ipxact:fileSetRef>
                    <ipxact:localName>fs-emitter_buf</ipxact:localName>
                </ipxact:fileSetRef>
            </ipxact:componentInstantiation>
            <ipxact:designInstantiation>
                <ipxact:name>design_emitter_buf_Inst</ipxact:name>
                <ipxact:designRef version="1.0" vendor="anlogic.com" name="design_emitter_buf" library="customized"/>
            </ipxact:designInstantiation>
            <ipxact:designConfigurationInstantiation>
                <ipxact:name>designConfig_emitter_buf_Inst</ipxact:name>
                <ipxact:designConfigurationRef version="1.0" vendor="anlogic.com" name="designConfig_emitter_buf" library="customized"/>
            </ipxact:designConfigurationInstantiation>
        </ipxact:instantiations>
        <ipxact:ports>
            <ipxact:port>
                <ipxact:name>rst</ipxact:name>
                <ipxact:displayName>rst</ipxact:displayName>
                <ipxact:wire>
                    <ipxact:direction>in</ipxact:direction>
                </ipxact:wire>
            </ipxact:port>
            <ipxact:port>
                <ipxact:name>di</ipxact:name>
                <ipxact:displayName>di</ipxact:displayName>
                <ipxact:wire>
                    <ipxact:direction>in</ipxact:direction>
                    <ipxact:vectors>
                        <ipxact:vector>
                            <ipxact:left>31</ipxact:left>
                            <ipxact:right>0</ipxact:right>
                        </ipxact:vector>
                    </ipxact:vectors>
                </ipxact:wire>
            </ipxact:port>
            <ipxact:port>
                <ipxact:name>clkr</ipxact:name>
                <ipxact:displayName>clkr</ipxact:displayName>
                <ipxact:wire>
                    <ipxact:direction>in</ipxact:direction>
                </ipxact:wire>
            </ipxact:port>
            <ipxact:port>
                <ipxact:name>re</ipxact:name>
                <ipxact:displayName>re</ipxact:displayName>
                <ipxact:wire>
                    <ipxact:direction>in</ipxact:direction>
                </ipxact:wire>
            </ipxact:port>
            <ipxact:port>
                <ipxact:name>clkw</ipxact:name>
                <ipxact:displayName>clkw</ipxact:displayName>
                <ipxact:wire>
                    <ipxact:direction>in</ipxact:direction>
                </ipxact:wire>
            </ipxact:port>
            <ipxact:port>
                <ipxact:name>we</ipxact:name>
                <ipxact:displayName>we</ipxact:displayName>
                <ipxact:wire>
                    <ipxact:direction>in</ipxact:direction>
                </ipxact:wire>
            </ipxact:port>
            <ipxact:port>
                <ipxact:name>dout</ipxact:name>
                <ipxact:displayName>dout</ipxact:displayName>
                <ipxact:wire>
                    <ipxact:direction>out</ipxact:direction>
                    <ipxact:vectors>
                        <ipxact:vector>
                            <ipxact:left>31</ipxact:left>
                            <ipxact:right>0</ipxact:right>
                        </ipxact:vector>
                    </ipxact:vectors>
                </ipxact:wire>
            </ipxact:port>
            <ipxact:port>
                <ipxact:name>empty_flag</ipxact:name>
                <ipxact:displayName>empty_flag</ipxact:displayName>
                <ipxact:wire>
                    <ipxact:direction>out</ipxact:direction>
                </ipxact:wire>
            </ipxact:port>
            <ipxact:port>
                <ipxact:name>aempty</ipxact:name>
                <ipxact:displayName>aempty</ipxact:displayName>
                <ipxact:wire>
                    <ipxact:direction>out</ipxact:direction>
                </ipxact:wire>
            </ipxact:port>
            <ipxact:port>
                <ipxact:name>full_flag</ipxact:name>
                <ipxact:displayName>full_flag</ipxact:displayName>
                <ipxact:wire>
                    <ipxact:direction>out</ipxact:direction>
                </ipxact:wire>
            </ipxact:port>
            <ipxact:port>
                <ipxact:name>afull</ipxact:name>
                <ipxact:displayName>afull</ipxact:displayName>
                <ipxact:wire>
                    <ipxact:direction>out</ipxact:direction>
                </ipxact:wire>
            </ipxact:port>
            <ipxact:port>
                <ipxact:name>valid</ipxact:name>
                <ipxact:displayName>valid</ipxact:displayName>
                <ipxact:wire>
                    <ipxact:direction>out</ipxact:direction>
                </ipxact:wire>
            </ipxact:port>
            <ipxact:port>
                <ipxact:name>overflow</ipxact:name>
                <ipxact:displayName>overflow</ipxact:displayName>
                <ipxact:wire>
                    <ipxact:direction>out</ipxact:direction>
                </ipxact:wire>
            </ipxact:port>
            <ipxact:port>
                <ipxact:name>underflow</ipxact:name>
                <ipxact:displayName>underflow</ipxact:displayName>
                <ipxact:wire>
                    <ipxact:direction>out</ipxact:direction>
                </ipxact:wire>
            </ipxact:port>
            <ipxact:port>
                <ipxact:name>wr_success</ipxact:name>
                <ipxact:displayName>wr_success</ipxact:displayName>
                <ipxact:wire>
                    <ipxact:direction>out</ipxact:direction>
                </ipxact:wire>
            </ipxact:port>
            <ipxact:port>
                <ipxact:name>rdusedw</ipxact:name>
                <ipxact:displayName>rdusedw</ipxact:displayName>
                <ipxact:wire>
                    <ipxact:direction>out</ipxact:direction>
                    <ipxact:vectors>
                        <ipxact:vector>
                            <ipxact:left>11</ipxact:left>
                            <ipxact:right>0</ipxact:right>
                        </ipxact:vector>
                    </ipxact:vectors>
                </ipxact:wire>
            </ipxact:port>
            <ipxact:port>
                <ipxact:name>wrusedw</ipxact:name>
                <ipxact:displayName>wrusedw</ipxact:displayName>
                <ipxact:wire>
                    <ipxact:direction>out</ipxact:direction>
                    <ipxact:vectors>
                        <ipxact:vector>
                            <ipxact:left>11</ipxact:left>
                            <ipxact:right>0</ipxact:right>
                        </ipxact:vector>
                    </ipxact:vectors>
                </ipxact:wire>
            </ipxact:port>
            <ipxact:port>
                <ipxact:name>wr_rst_done</ipxact:name>
                <ipxact:displayName>wr_rst_done</ipxact:displayName>
                <ipxact:wire>
                    <ipxact:direction>out</ipxact:direction>
                </ipxact:wire>
            </ipxact:port>
            <ipxact:port>
                <ipxact:name>rd_rst_done</ipxact:name>
                <ipxact:displayName>rd_rst_done</ipxact:displayName>
                <ipxact:wire>
                    <ipxact:direction>out</ipxact:direction>
                </ipxact:wire>
            </ipxact:port>
        </ipxact:ports>
    </ipxact:model>
    <ipxact:fileSets>
        <ipxact:fileSet>
            <ipxact:name>fs-emitter_buf</ipxact:name>
            <ipxact:file>
                <ipxact:name>emitter_buf.v</ipxact:name>
                <ipxact:fileType>verilogSource</ipxact:fileType>
            </ipxact:file>
            <ipxact:file>
                <ipxact:name>RTL/soft_fifo_250e08739732.v</ipxact:name>
                <ipxact:fileType>verilogSource</ipxact:fileType>
                <ipxact:vendorExtensions>
                    <anlogic:coreRTL>yes</anlogic:coreRTL>
                </ipxact:vendorExtensions>
            </ipxact:file>
            <ipxact:file>
                <ipxact:name>emitter_buf.tcl</ipxact:name>
                <ipxact:fileType>SDC</ipxact:fileType>
            </ipxact:file>
        </ipxact:fileSet>
    </ipxact:fileSets>
    <ipxact:vendorExtensions>
        <anlogic:displayname>Soft FIFO</anlogic:displayname>
        <anlogic:ipGenVersion value="168007 2025/07/10">1.0</anlogic:ipGenVersion>
    </ipxact:vendorExtensions>
</ipxact:component>
